idImpianto;Gestore;Bandiera;Tipo Impianto;Nome Impianto;Indirizzo;Comune;Provincia;CAP;MUNICIPIO;ID_NIL;NIL;Longitudine;Latitudine;Location
28709;GIARRUSSO CIRO;KEROPETROL;Stradale;GIARRUSSO-VIA MARINA;VIA MARINA SNC 20121;MILANO;MI;20121;1;4;GUASTALLA;9.199553826277;45.4710015838651;(45.4710015838651,9.199553826277)
34486;T.D.M. S.R.L.;Tamoil;Stradale;8052;PALESTRO 16 20121;MILANO;MI;20121;1;3;GIARDINI P.TA VENEZIA;9.19944651424885;45.4731672770989;(45.4731672770989,9.19944651424885)
42398;GALLI AGNESE;KEROPETROL;Stradale;GALLI AGNESE ;via san marco  13 20121;MILANO;MI;20121;1;2;BRERA;9.18815113621099;45.4750558301903;(45.4750558301903,9.18815113621099)
56141;DM S.A.S. DI DONADEI MATTIA E C.;Api-Ip;Stradale;IP;Via Giuseppe Ripamonti 567 20142;MILANO;MI;20121;1;2;BRERA;9.1919;45.4713;(45.4713,9.1919)
56142;DM S.A.S. DI DONADEI MATTIA E C.;Api-Ip;Stradale;IP;Via Giuseppe Ripamonti 567 20142;MILANO;MI;20121;1;2;BRERA;9.1919;45.4713;(45.4713,9.1919)
15890;CALOR SYSTEMS S.R.L.;Api-Ip;Stradale;MILANO REPUBBLICA;PIAZZA DELLA REPUBBLICA 5 20124;MILANO;MI;20121;1;2;BRERA;9.19595092535019;45.477935609704;(45.477935609704,9.19595092535019)
17894;GARAGE VELASCA S.R.L.;Api-Ip;Stradale;IP API;VIA VISCONTI DI MODRONE 12 20122;MILANO;MI;20122;1;4;GUASTALLA;9.19994540380571;45.4644384579492;(45.4644384579492,9.19994540380571)
15888;CALOR SYSTEMS S.R.L.;Api-Ip;Stradale;MILANO BEATRICE;VIALE BEATRICE D'ESTE 34A 20122;MILANO;MI;20122;5;5;PORTA VIGENTINA - PORTA LODOVICA;9.19396594855652;45.4518402110582;(45.4518402110582,9.19396594855652)
12348;GALLI AGNESE;KEROPETROL;Stradale;galli agnese;VIA ENRICO TOTI 2 20123;MILANO;MI;20123;1;7;MAGENTA - S. VITTORE;9.16615269328645;45.4668634802216;(45.4668634802216,9.16615269328645)
22003;F.LLI DI LEO S.A.S. DI DI LEO GIACOMO MARIA & C.;Agip Eni;Stradale;pv56232;VIALE PAPINIANO 54 20123;MILANO;MI;20123;1;7;MAGENTA - S. VITTORE;9.17105508685529;45.4569904208801;(45.4569904208801,9.17105508685529)
12379;SMILEPETROL S.R.L.;Api-Ip;Stradale;SMILEPETROL SNC;VIALE DI PORTA VERCELLINA SNC 20123;MILANO;MI;20123;1;7;MAGENTA - S. VITTORE;9.16580569675807;45.465781610235;(45.465781610235,9.16580569675807)
25774;GAIO S.N.C. DI GAIO MARCO & C.;Agip Eni;Stradale;GAIO SNC;VIA LUIGI GALVANI 34 20124;MILANO;MI;20124;2;11;ISOLA;9.19648066163063;45.4880930363534;(45.4880930363534,9.19648066163063)
4855;ZUCCHI ANTONIO;Esso;Stradale;ZUCCHI ANTONIO;LUIGI GALVANI 0018 20124;MILANO;MI;20124;2;10;STAZIONE CENTRALE - PONTE SEVESO;9.1983855;45.4868862;(45.4868862,9.1983855)
52175;STZ SERVICE S.N.C. DI ZAMBONI STEFANO E ZAMBONI TOMMASO;Agip Eni;Stradale;ENI;VIA EMILIO DEMARCHI 37 20125;MILANO;MI;20125;2;13;GRECO - SEGNANO;9.20956205769153;45.5013133973259;(45.5013133973259,9.20956205769153)
5418;ENI FUEL S.P.A.;Agip Eni;Stradale;2238 MILANO;Viale Marche 32 20125;MILANO;MI;20125;2;12;MACIACHINI - MAGGIOLINA;9.19585517956739;45.4954747946008;(45.4954747946008,9.19585517956739)
39995;IP SERVICES S.R.L.;Api-Ip;Stradale;Milano Viale Marche;viale Marche 36 10092;MILANO;MI;20125;2;12;MACIACHINI - MAGGIOLINA;9.19526025652885;45.4956732889498;(45.4956732889498,9.19526025652885)
48002;EGI-2GO S.R.L.;Esso;Stradale;piazzale Istria;PIAZZALE ISTRIA 14 20125;MILANO;MI;20125;2;12;MACIACHINI - MAGGIOLINA;9.19878575214957;45.5022460496635;(45.5022460496635,9.19878575214957)
23424;RAGOSA DOMENICO;Esso;Stradale;Stazione di servizio esso di Ragosa ;PIAZZALE ISTRIA 14 20159;MILANO;MI;20125;2;12;MACIACHINI - MAGGIOLINA;9.19880122083202;45.5021586959415;(45.5021586959415,9.19880122083202)
39230;T.D.M. S.R.L.;Tamoil;Stradale;6116;LUNIGIANA 1 20121;MILANO;MI;20125;2;10;STAZIONE CENTRALE - PONTE SEVESO;9.20696136203276;45.4904527472403;(45.4904527472403,9.20696136203276)
15522;VALANDRO S.N.C. DI VALANDRO ENZO E OSVALDO;Retitalia;Stradale;MILANO;VIALE MONZA 305 20126;MILANO;MI;20126;2;16;GORLA - PRECOTTO;9.22557404086604;45.5164543834705;(45.5164543834705,9.22557404086604)
22494;IP SERVICES S.R.L.;Api-Ip;Stradale;Milano Viale Monza;Viale Monza 285 20128;MILANO;MI;20126;2;16;GORLA - PRECOTTO;9.2249469631347;45.5144954436484;(45.5144954436484,9.2249469631347)
43730;GIO & ERY DI ERIDONA PRENGA;Esso;Stradale;esso ;VIALE TESTI FULVIO 200 20126;MILANO;MI;20126;9;15;BICOCCA;9.20693465889553;45.5165665780121;(45.5165665780121,9.20693465889553)
18478;GWR S.R.L.;KEROPETROL;Stradale;IP LAVAGGIO SARCA SAS;VIALE SARCA 199/B 20126;MILANO;MI;20126;9;15;BICOCCA;9.2095029870361;45.5174753124138;(45.5174753124138,9.2095029870361)
39229;T.D.M. S.R.L.;Tamoil;Stradale;8499;BRIANZA 32 20127;MILANO;MI;20127;2;20;LORETO - CASORETTO - NOLO;9.21042747795582;45.4889968878454;(45.4889968878454,9.21042747795582)
12747;ZAMBELLI ROBERTO;Agip Eni;Stradale;ENI DI ZAMBELLI ROBERTO;VIALE MONZA 166 20127;MILANO;MI;20127;2;16;GORLA - PRECOTTO;9.22334685463102;45.5072410456614;(45.5072410456614,9.22334685463102)
53903;AHMED KHALED;Api-Ip;Stradale;AHMED KHALED;PADOVA 93 20127;MILANO;MI;20127;2;19;PADOVA - TURRO - CRESCENZAGO;9.22863;45.49532;(45.49532,9.22863)
23117;IP SERVICES S.R.L.;Api-Ip;Stradale;MILANO VIA ARICI Ang. VIA BELLI;VIA ARICI Ang. VIA BELLI  20127;MILANO;MI;20127;2;19;PADOVA - TURRO - CRESCENZAGO;9.23822950429917;45.5046225579741;(45.5046225579741,9.23822950429917)
44713;CAR & SERVICE DI CIURLEO MICHELANGELO;Esso;Stradale;Car & service di Ciurleo Michelangelo;Via Ponte Nuovo 15 20128;MILANO;MI;20128;2;16;GORLA - PRECOTTO;9.23724118039127;45.5060303718984;(45.5060303718984,9.23724118039127)
44907;MANFREDI LUCA;Agip Eni;Stradale;ENI di manfredi luca;VIALE MONZA 316 20128;MILANO;MI;20128;2;16;GORLA - PRECOTTO;9.227576000123;45.520849000123;(45.520849000123,9.227576000123)
54949;GUIZANI ACHREF;Agip Eni;Stradale;ENI SPA;STAMIRA D'ANCONA 270 20127;MILANO;MI;20128;2;16;GORLA - PRECOTTO;9.2307456;45.5049216;(45.5049216,9.2307456)
33361;META.WASH SRL;LEONE;Stradale;LEONE  Milano Viale Monza n. 254;VIALE MONZA 254 20128;MILANO;MI;20128;2;16;GORLA - PRECOTTO;9.22576560615153;45.5153158327167;(45.5153158327167,9.22576560615153)
18859;TECNISERVICE - S.N.C. DI IERARDI SIMONE & C.;Api-Ip;Stradale;TECNISERVICE SNC;MONZA 0280 20128;MILANO;MI;20128;2;16;GORLA - PRECOTTO;9.22659989695899;45.5181662124428;(45.5181662124428,9.22659989695899)
13674;CARSETTI DANIELE;KEROPETROL;Stradale;CARSETTI DANIELE;PIAZZA CINQUE GIORNATE 6 20129;MILANO;MI;20129;1;4;GUASTALLA;9.20701195802246;45.4613505211666;(45.4613505211666,9.20701195802246)
18871;CIRIGLIANO SILVIA & C. S.N.C.;KEROPETROL;Stradale;PIAZZA RISORGIMENTO;Piazza Risorgimento  9 20129;MILANO;MI;20129;4;26;XXII MARZO;9.21131931245327;45.4678160421098;(45.4678160421098,9.21131931245327)
57161;T.D.M. S.R.L.;Tamoil;Stradale;8133;Via G.B. Morgagni snc 20129;MILANO;MI;20129;3;21;BUENOS AIRES - PORTA VENEZIA - PORTA MONFORTE;9.21150103;45.4775122;(45.4775122,9.21150103)
19309;ZAMPERLIN ANGELO;Api-Ip;Stradale;Chiosco Piazzale Bacone;PIAZZALE FRANCESCO BACONE 9 20129;MILANO;MI;20129;3;21;BUENOS AIRES - PORTA VENEZIA - PORTA MONFORTE;9.21507582969662;45.4809998968155;(45.4809998968155,9.21507582969662)
57091;STARS SERVICE DI SAYED MOHAMED ABDELALIM MAGDI;Agip Eni;Stradale;STARS SERVICE;GIOACCHINO MURAT 14 20159;MILANO;MI;20129;3;21;BUENOS AIRES - PORTA VENEZIA - PORTA MONFORTE;9.21400000000001;45.4708;(45.4708,9.21400000000001)
51617;EGI-2GO S.R.L.;Esso;Stradale;EGI-2GO MI LEONCAVALLO;VIA LEONCAVALLO RUGGERO 25 20131;MILANO;MI;20131;2;20;LORETO - CASORETTO - NOLO;9.22563358862361;45.491358483025;(45.491358483025,9.22563358862361)
57319;ENI FUEL S.P.A.;Agip Eni;Stradale;12327 MILANO PORPORA;Via N. A. Porpora 133  20131;MILANO;MI;20131;3;20;LORETO - CASORETTO - NOLO;9.229569;45.486275;(45.486275,9.229569)
33860;T.D.M. S.R.L.;Tamoil;Stradale;8051;DURANTE 0 20131;MILANO;MI;20131;3;20;LORETO - CASORETTO - NOLO;9.22377555485014;45.4892960434978;(45.4892960434978,9.22377555485014)
55798;KEROPETROL S.P.A.;KEROPETROL;Stradale;KEROPETROL VIALE CAMPANIA;CAMPANIA ANG. VIA MARCON 00 20133;MILANO;MI;20133;4;26;XXII MARZO;9.22382319082688;45.4639351601507;(45.4639351601507,9.22382319082688)
55520;AUTOSILO NOE S.R.L.;KEROPETROL;Stradale;Autosilo Noe S.r.L;NOE' ENRICO 10 20133;MILANO;MI;20133;3;21;BUENOS AIRES - PORTA VENEZIA - PORTA MONFORTE;9.2190195;45.4776425;(45.4776425,9.2190195)
47183;T.D.M. S.R.L.;Tamoil;Stradale;8212;ROMAGNA 0 20133;MILANO;MI;20133;3;22;CITTA' STUDI;9.22396459489759;45.4779582772689;(45.4779582772689,9.22396459489759)
41747;T.D.M. S.R.L.;Tamoil;Stradale;8484;BOTTICELLI 23 20133;MILANO;MI;20133;3;22;CITTA' STUDI;9.22896397630677;45.4735155932237;(45.4735155932237,9.22896397630677)
33725;U.M.A. S.A.S. DI MARCO CELARI E C.;Esso;Stradale;esso;MORETTO DA BRESCIA 4 20133;MILANO;MI;20133;3;22;CITTA' STUDI;9.22500542791;45.4724941462;(45.4724941462,9.22500542791)
57411;GOBBI MARZIO ENRICO;Api-Ip;Stradale;IP LARGO MURANI;Largo Oreste Murani 5 20133;MILANO;MI;20133;3;22;CITTA' STUDI;9.23448751614316;45.4729647953418;(45.4729647953418,9.23448751614316)
48744;GOBBI MARZIO ENRICO;Api-Ip;Stradale;IP MURANI;VIA ORESTE MURANI  5 20133;MILANO;MI;20133;3;22;CITTA' STUDI;9.23448751614316;45.4729647953418;(45.4729647953418,9.23448751614316)
48256;C.P.P. COMPAGNIA PETROLIFERA PIEMONTESE S.P.A.;Pompe Bianche;Stradale;CPP-MI-ONGARO;VIA DALL'ONGARO FRANCESCO 31/A 20133;MILANO;MI;20133;4;25;CORSICA;9.22551964885327;45.467438061129;(45.467438061129,9.22551964885327)
51454;EL HADAD BLAL;Api-Ip;Stradale;IP;DALL'ONGARO 12/14 20133;MILANO;MI;20133;4;25;CORSICA;9.22678581116315;45.4661988417483;(45.4661988417483,9.22678581116315)
29211;IP SERVICES S.R.L.;Api-Ip;Stradale;MILANO - CARDINALE MEZZOFANTI;VIA CARDINALE MEZZOFANTI 38 20133;MILANO;MI;20133;4;25;CORSICA;9.23532354584347;45.4654936080634;(45.4654936080634,9.23532354584347)
13013;LU.CA. S.R.L.;Agip Eni;Stradale;eni agip;PIAZZA TRENTO 38 20135;MILANO;MI;20135;5;27;PTA ROMANA;9.20117657841934;45.4468641474079;(45.4468641474079,9.20117657841934)
52529;ESPOSITO GIOVANNI;Api-Ip;Stradale;ip esposito giovanni;via castelbarco 3 20136;MILANO;MI;20136;5;6;PORTA TICINESE - CONCA DEL NAVIGLIO;9.18585579198226;45.4492075449819;(45.4492075449819,9.18585579198226)
50100;MARZIO FELICE LEONARDO;Api-Ip;Stradale;IP TABACCHI;VIA TABACCHI 32 20138;MILANO;MI;20136;5;6;PORTA TICINESE - CONCA DEL NAVIGLIO;9.18339709986872;45.447655452878;(45.447655452878,9.18339709986872)
54520;STAROIL;Pompe Bianche;Stradale;STAROIL;Via Ferdinando Bocconi 15 20136;MILANO;MI;20136;5;5;PORTA VIGENTINA - PORTA LODOVICA;9.190642578125;45.4498203373763;(45.4498203373763,9.190642578125)
44528;EPIPLA S.A.S. DI LONGA ANNALISA & C.;Api-Ip;Stradale;garage del turchino;VIA MONTE CIMONE 9 20137;MILANO;MI;20137;4;29;ORTOMERCATO;9.226208000123;45.450762000123;(45.450762000123,9.226208000123)
11696;SERVIZI & GESTIONI ITALIA S.R.L.;Q8;Stradale;MILANO-VIA LOMBROSO ANG. MASPERO;VIA LOMBROSO ANG. MASPERO S/N 20137;MILANO;MI;20137;4;29;ORTOMERCATO;9.2264509619713;45.4560099735263;(45.4560099735263,9.2264509619713)
13709;CAPRIGLIA ORONZO;Esso;Stradale;stazione di servizio esso;VIA CESARE LOMBROSO 50 20137;MILANO;MI;20137;4;29;ORTOMERCATO;9.23009678721428;45.4560476582712;(45.4560476582712,9.23009678721428)
10794;MIGLIOR GAS S.R.L.;Pompe Bianche;Stradale;Miglior Gas Via Tertulliano;VIA TERTULLIANO 86 20137;MILANO;MI;20137;4;28;UMBRIA - MOLISE - CALVAIRATE;9.22366672460635;45.4478883226359;(45.4478883226359,9.22366672460635)
57399;ELIA LUCA;Agip Eni;Stradale;Stazione di servizio Eni di Luca Elia;Via Tito Livio 19 20137;MILANO;MI;20137;4;28;UMBRIA - MOLISE - CALVAIRATE;9.2174337;45.4515251;(45.4515251,9.2174337)
12588;TRAVI CENTER - S.N.C. DI ANTONIO TRAVISANO & C.;Agip Eni;Stradale;travicenter s.n.c.;VIA TITO LIVIO 19 20137;MILANO;MI;20137;4;28;UMBRIA - MOLISE - CALVAIRATE;9.21776351719666;45.4515066538343;(45.4515066538343,9.21776351719666)
15638;CARRIOLA GIOVANNI;Sommese Petroli;Stradale;ESSO;VIA PIRANESI GIOVANNI BATTISTA 45 20137;MILANO;MI;20137;4;25;CORSICA;9.23173057857366;45.460822611573;(45.460822611573,9.23173057857366)
19705;CHIMA FUEL S.A.S. DI BOSETTI CHIARA & C.;Pompe Bianche;Stradale;CHIMA FUEL SAS;"VIA VIA ROGOREDO 130 20138; MILANO (MI) 130 20138";MILANO;MI;20138;4;32;TRIULZO SUPERIORE;9.25262533128262;45.4244550643583;(45.4244550643583,9.25262533128262)
48150;EGI-2GO S.R.L.;Esso;Stradale;Marocchetti;VIA MAROCCHETTI 142 20139;MILANO;MI;20138;4;32;TRIULZO SUPERIORE;9.24936045507171;45.4235209403941;(45.4235209403941,9.24936045507171)
33179;SERVIZI & GESTIONI ITALIA S.R.L.;Q8;Stradale;MILANO VIA ROGOREDO 110;VIA ROGOREDO 110 20138;MILANO;MI;20138;4;32;TRIULZO SUPERIORE;9.25060953928687;45.4262285426263;(45.4262285426263,9.25060953928687)
39336;RECITA GIANLUCA;Api-Ip;Stradale;TOTALERG;VIA ROGOREDO 140 20138;MILANO;MI;20138;4;32;TRIULZO SUPERIORE;9.24971196745912;45.4243838250862;(45.4243838250862,9.24971196745912)
53993;ENI FUEL S.P.A.;Agip Eni;Stradale;2523 Milano Fantoli;Via Gaudenzio Fantoli 18  20138;MILANO;MI;20138;4;30;TALIEDO - MORSENCHIO - Q.RE FORLANINI;9.254172;45.453247;(45.453247,9.254172)
52499;MANTOVANI STEFANO;Agip Eni;Stradale;ENISTATION MANTOVANI STEFANO;VIA SALOMONE 61 20138;MILANO;MI;20138;4;30;TALIEDO - MORSENCHIO - Q.RE FORLANINI;9.24120231203174;45.4513123104913;(45.4513123104913,9.24120231203174)
46273;MANTOVANI STEFANO;Agip Eni;Stradale;Enistation Mantovani Stefano;via mecenate  78 20138;MILANO;MI;20138;4;30;TALIEDO - MORSENCHIO - Q.RE FORLANINI;9.24825266003609;45.4524821918623;(45.4524821918623,9.24825266003609)
22258;STAZIONE DI SERVIZIO DI TURINO FRANCESCO;KEROPETROL;Stradale;KEROPETROL;piazza ovidio 1 20138;MILANO;MI;20138;4;30;TALIEDO - MORSENCHIO - Q.RE FORLANINI;9.24109345785018;45.4568933305163;(45.4568933305163,9.24109345785018)
7237;CLEAN CAR S.N.C. DI PAINI ARNALDO GIUSEPPE E ZANNI FAUSTO;Q8;Stradale;Q8;VIA MECENATE 105 20138;MILANO;MI;20138;4;30;TALIEDO - MORSENCHIO - Q.RE FORLANINI;9.25289690494537;45.4496955180918;(45.4496955180918,9.25289690494537)
53720;EGI-2GO S.R.L.;Esso;Stradale;EGI-2GO MI PAULLESE;NUOVA PAULLESE 9 20138;MILANO;MI;20138;4;31;MONLUE' - PONTE LAMBRO;9.26169;45.43392;(45.43392,9.26169)
35560;T.D.M. S.R.L.;Tamoil;Stradale;2227;via Cassinis  20139;MILANO;MI;20139;4;35;LODI - CORVETTO;9.23163771629333;45.4359044713652;(45.4359044713652,9.23163771629333)
26196;CHIAPPERINI DOMENICO;Agip Eni;Stradale;eni mimmo;piazzale bologna 35 20139;MILANO;MI;20139;4;35;LODI - CORVETTO;9.22374256931153;45.4439910785734;(45.4439910785734,9.22374256931153)
16284;BARBIN PAOLO;Esso;Stradale;Esso ;VIA CASSINIS GIOVANNI BATTISTA 31 20139;MILANO;MI;20139;4;35;LODI - CORVETTO;9.23300792453688;45.4361195410676;(45.4361195410676,9.23300792453688)
48718;EGI-2GO S.R.L.;Esso;Stradale;piazzale Corvetto;PIAZZALE CORVETTO LUIGI EMANUELE 8 20139;MILANO;MI;20139;4;35;LODI - CORVETTO;9.22474495337294;45.4394314719747;(45.4394314719747,9.22474495337294)
14653;CALI' MARCO;Agip Eni;Stradale;CALI MARCO;VIA SANTA RITA DA CASCIA 64 20143;MILANO;MI;20143;6;48;RONCHETTO SUL NAVIGLIO - Q.RE LODOVICO IL MORO;9.15306679140167;45.438391529127;(45.438391529127,9.15306679140167)
11674;SERVIZI & GESTIONI ITALIA S.R.L.;Q8;Stradale;MILANO-VIA S.RITA DA CASCIA 2;VIA S.RITA DA CASCIA 2 20143;MILANO;MI;20143;6;48;RONCHETTO SUL NAVIGLIO - Q.RE LODOVICO IL MORO;9.14805203676224;45.4422003521885;(45.4422003521885,9.14805203676224)
19310;ZAMPERLIN ANGELO;Api-Ip;Stradale;Stazione ERG Santa Rita;VIA SANTA RITA DA CASCIA 60 20143;MILANO;MI;20143;6;48;RONCHETTO SUL NAVIGLIO - Q.RE LODOVICO IL MORO;9.15284027976224;45.438610860986;(45.438610860986,9.15284027976224)
25196;ALBERTINI DAVIDE;Agip Eni;Stradale;Albertini Davide;SERAFINO BELFANTI 7 20143;MILANO;MI;20143;6;44;PORTA TICINESE - CONCHETTA;9.17231484047545;45.4435213309495;(45.4435213309495,9.17231484047545)
38996;MONTAGNA GIULIO MAURO;Esso;Stradale;Esso;Viale Cassala 33 20143;MILANO;MI;20143;6;44;PORTA TICINESE - CONCHETTA;9.16240819629513;45.4452961180414;(45.4452961180414,9.16240819629513)
31389;LA PADANA SNC DI CONTI SONIA E C.;Esso;Stradale;LA PADANA SNC;"VIA VIALE LIGURIA 12 20143; MILANO (MI) 12 20143";MILANO;MI;20143;6;44;PORTA TICINESE - CONCHETTA;9.16871264411088;45.4437719339863;(45.4437719339863,9.16871264411088)
24848;SERVIZI & GESTIONI ITALIA S.R.L.;Q8;Stradale;MILANO V.LE LIGURIA 42;V.LE LIGURIA 42 20124;MILANO;MI;20143;6;44;PORTA TICINESE - CONCHETTA;9.17411410555724;45.4435148007719;(45.4435148007719,9.17411410555724)
11708;SERVIZI & GESTIONI ITALIA S.R.L.;Q8;Stradale;MILANO-VIA CASSALA 31;VIA CASSALA 31 20143;MILANO;MI;20143;6;44;PORTA TICINESE - CONCHETTA;9.16146588954928;45.4456319906028;(45.4456319906028,9.16146588954928)
11661;SERVIZI & GESTIONI ITALIA S.R.L.;Q8;Stradale;MILANO-VIALE CASSALA 4/A;VIALE CASSALA 4/A 20143;MILANO;MI;20143;6;44;PORTA TICINESE - CONCHETTA;9.15979772520063;45.44588118209;(45.44588118209,9.15979772520063)
30890;SERVIZI & GESTIONI ITALIA S.R.L.;Q8;Stradale;MILANO - VIA S.RITA 41;VIA S.RITA 41 20143;MILANO;MI;20143;6;45;MONCUCCO - SAN CRISTOFORO;9.15255239444275;45.4394631200572;(45.4394631200572,9.15255239444275)
52237;S.T. SERVICE DI RADICE E CHIRILLO S.N.C.;Q8;Stradale;Q8;ETTORE PONTI 20 20143;MILANO;MI;20143;6;45;MONCUCCO - SAN CRISTOFORO;9.15615953641912;45.4427833883736;(45.4427833883736,9.15615953641912)
37470;ROMOLO S.A.S. DI DRAGHICESCU ION - OPRESCU PETRISOR DORIN & C.;Pompe Bianche;Stradale;ROMOLO S.A.S.;VIA ITALO SVEVO 2 20143;MILANO;MI;20143;6;45;MONCUCCO - SAN CRISTOFORO;9.15937565267086;45.4426192647093;(45.4426192647093,9.15937565267086)
50472;T.D.M. S.R.L.;Tamoil;Stradale;2910;ELBA 20/22 20144;MILANO;MI;20144;7;51;PORTA MAGENTA;9.15709148214957;45.4638512177877;(45.4638512177877,9.15709148214957)
43307;T.D.M. S.R.L.;Tamoil;Stradale;8500;AQUILEJA 6 20144;MILANO;MI;20144;7;51;PORTA MAGENTA;9.16303799971752;45.4611896539281;(45.4611896539281,9.16303799971752)
57288;ENERGY RETE S.R.L.;KEROPETROL;Stradale;Sant'Eusebio - Milano;SANT'EUSEBIO 18 20144;MILANO;MI;20144;7;51;PORTA MAGENTA;9.158772;45.461197;(45.461197,9.158772)
11045;BELTRAMI ALESSANDRO;Agip Eni;Stradale;Distributore Eni di Beltrami Alessandro;CORSO SEMPIONE 35 20145;MILANO;MI;20145;8;68;PAGANO;9.16547523306099;45.4803311192188;(45.4803311192188,9.16547523306099)
35886;SMILEPETROL S.R.L.;Api-Ip;Stradale;SMILEPETROL SNC;PIAZZA SEI FEBBRAIO SNC 20145;MILANO;MI;20145;8;68;PAGANO;9.16086651085902;45.4777611999418;(45.4777611999418,9.16086651085902)
49777;KEROPETROL S.P.A.;KEROPETROL;Stradale;KEROPETROL VIA SARDEGNA;"VIA VIA SARDEGNA 0 20146; MILANO (MI) 28 20146";MILANO;MI;20146;7;51;PORTA MAGENTA;9.15163454126877;45.4627828478288;(45.4627828478288,9.15163454126877)
28932;SERVIZI & GESTIONI ITALIA S.R.L.;Q8;Stradale;PIAZZA TRIPOLI/RONCAGLIA - MILANO;PIAZZA TRIPOLI/RONCAGLIA  20146;MILANO;MI;20146;7;51;PORTA MAGENTA;9.15067099577027;45.4592568888237;(45.4592568888237,9.15067099577027)
11669;SERVIZI & GESTIONI ITALIA S.R.L.;Q8;Stradale;MILANO-VIALE BEZZI 82;VIALE BEZZI 82 20146;MILANO;MI;20146;7;52;BANDE NERE;9.14896437301638;45.4606978275284;(45.4606978275284,9.14896437301638)
36434;PLANET K S.R.L. SEMPLIFICATA CON UNICO SOCIO;Tamoil;Stradale;TAMOIL DI VIA MONCALVO;VIA PRIVATA MONCALVO 1 20146;MILANO;MI;20146;7;52;BANDE NERE;9.14195587242205;45.464231295253;(45.464231295253,9.14195587242205)
51477;VINCI S.A.S. DI VINCI SALVATORE & C.;Agip Eni;Stradale;ENI 55946 PRIMATICCIO;VIA PRIMATICCIO 150 20146;MILANO;MI;20146;6;52;BANDE NERE;9.1319614576721;45.4563563147967;(45.4563563147967,9.1319614576721)
16409;DENISE FRANCESCO;Agip Eni;Stradale;eni;viale misurata 56 20146;MILANO;MI;20146;6;49;GIAMBELLINO;9.15267878280338;45.4546188557516;(45.4546188557516,9.15267878280338)
11664;SERVIZI & GESTIONI ITALIA S.R.L.;Q8;Stradale;MILANO-VIA NOVARA 82;VIA NOVARA 82 20147;MILANO;MI;20147;7;60;STADIO - IPPODROMI;9.12161381845476;45.4716188093287;(45.4716188093287,9.12161381845476)
13234;TORZINI LUCA;Q8;Stradale;Stazione Rifornimento Q8 Torzini Luca;NOVARA 46 20147;MILANO;MI;20147;7;60;STADIO - IPPODROMI;9.12465599321933;45.4699199326971;(45.4699199326971,9.12465599321933)
52167;eni;Agip Eni;Stradale;eni;VIA DELLE FORZE ARMATE 34 20147;MILANO;MI;20147;7;52;BANDE NERE;9.13373563795926;45.4632518844442;(45.4632518844442,9.13373563795926)
18843;GALLO NICOLA;Pompe Bianche;Stradale;LUDOIL GALLO NICOLA;VIA DELLE FORZE ARMATE 41 20147;MILANO;MI;20147;7;52;BANDE NERE;9.13529586864775;45.4630676513336;(45.4630676513336,9.13529586864775)
19181;BRENTAN DANIELA;Esso;Stradale;Stazione di Servizio ESSO;VIA REMBRANDT PAOLO 13 20147;MILANO;MI;20147;7;52;BANDE NERE;9.13750672572553;45.4672500057432;(45.4672500057432,9.13750672572553)
51590;CAPITANIO DANIELA GIADA;Api-Ip;Stradale;Stazione di Servizio IP;PIAZZA AMATI CARLO 1 20147;MILANO;MI;20147;7;52;BANDE NERE;9.12714958190918;45.4689702483759;(45.4689702483759,9.12714958190918)
24274;IP SERVICES S.R.L.;Api-Ip;Stradale;MILANO - LEGIONI ROMANE;VIALE LEGIONI ROMANE  20147;MILANO;MI;20147;6;52;BANDE NERE;9.13420804662701;45.460543269966;(45.460543269966,9.13420804662701)
44949;ENI FUEL S.P.A.;Agip Eni;Stradale;56132 Lorenteggio;via Lorenteggio 258 20146;MILANO;MI;20147;6;53;LORENTEGGIO;9.12057550379495;45.4452799638776;(45.4452799638776,9.12057550379495)
57629;C.P.P. COMPAGNIA PETROLIFERA PIEMONTESE S.P.A.;Api-Ip;Stradale;CPP-MILANO PRIMATICCIO;PRIMATICCIO FRANCESCO 101 20147;MILANO;MI;20147;6;53;LORENTEGGIO;9.13238094379426;45.4547554742395;(45.4547554742395,9.13238094379426)
39911;CALI' MARCO;Agip Eni;Stradale;ENI CALI' MARCO INGANNI;VIA INGANNI ANGELO 99 20147;MILANO;MI;20147;6;53;LORENTEGGIO;9.12236281202547;45.4566272691633;(45.4566272691633,9.12236281202547)
48116;IP - MILANO PRIMATICCIO;Api-Ip;Stradale;IP - MILANO PRIMATICCIO;VIA PRIMATICCIO  101 20146;MILANO;MI;20147;6;53;LORENTEGGIO;9.13157500549281;45.4541798459063;(45.4541798459063,9.13157500549281)
48647;EGI-2GO S.R.L.;Esso;Stradale;lorenteggio;VIA LORENTEGGIO 278 20147;MILANO;MI;20147;6;53;LORENTEGGIO;9.11615386011885;45.443876586504;(45.443876586504,9.11615386011885)
6436;SERVIZI & GESTIONI ITALIA S.R.L.;Q8;Stradale;MILANO LORENTEGGIO 260;LORENTEGGIO 260 20157;MILANO;MI;20147;6;53;LORENTEGGIO;9.1198724037049;45.4451277636638;(45.4451277636638,9.1198724037049)
11672;SERVIZI & GESTIONI ITALIA S.R.L.;Q8;Stradale;MILANO-VIA LORENTEGGIO 268;VIA LORENTEGGIO 268 20152;MILANO;MI;20147;6;53;LORENTEGGIO;9.11799119510647;45.4445129103306;(45.4445129103306,9.11799119510647)
51317;EGI-2GO S.R.L.;Esso;Stradale;PALATINO;"VIA PALATINO ang; VIA ROSPIGLIOSI 1 20148";MILANO;MI;20148;7;60;STADIO - IPPODROMI;9.13145699999999;45.4762906691333;(45.4762906691333,9.13145699999999)
30934;GONELLA IVANO;Api-Ip;Stradale;TOTAL ERG di IVANO GONELLA;PIAZZALE SEGESTA ANG. VIA STRATICO 2 20148;MILANO;MI;20148;7;60;STADIO - IPPODROMI;9.1368519094375;45.4761680214496;(45.4761680214496,9.1368519094375)
56869;EGI-2GO S.R.L.;Esso;Stradale;106221 MILANO - VELASQUEZ;VELASQUEZ DIEGO 30 20148;MILANO;MI;20148;7;57;SAN SIRO;9.1418407;45.4678639273913;(45.4678639273913,9.1418407)
18095;CAVALLARO S.A.S. DI CAVALLARO GIOVANNI & C.;Esso;Stradale;Cavallaro Sas;PIAZZALE DIEGO VELASQUEZ 30 20148;MILANO;MI;20148;7;57;SAN SIRO;9.14185170940095;45.4676385378693;(45.4676385378693,9.14185170940095)
9455;AUTOSERVICE LOTTO SRL;Agip Eni;Stradale;Autoservice Lotto srl;PIAZZALE LOTTO LORENZO 14 20148;MILANO;MI;20148;8;58;DE ANGELI - MONTE ROSA;9.14332593233905;45.4807225859382;(45.4807225859382,9.14332593233905)
39036;IP SERVICES S.R.L.;Api-Ip;Stradale;Milano Veniere;via Veniere ang. via Scarampo snc 20148;MILANO;MI;20148;8;58;DE ANGELI - MONTE ROSA;9.14798699319363;45.4827929284065;(45.4827929284065,9.14798699319363)
11698;SERVIZI & GESTIONI ITALIA S.R.L.;Q8;Stradale;MILANO-VIA SERRA ANG. SALMOIRAGHI;VIA SERRA ANG. SALMOIRAGHI S/N 20148;MILANO;MI;20148;8;66;QT 8;9.14281609325405;45.4837533190426;(45.4837533190426,9.14281609325405)
42071;T.D.M. S.R.L.;Tamoil;Stradale;2906;ARONA 14 20149;MILANO;MI;20149;8;67;PORTELLO;9.15928937962929;45.4832099172198;(45.4832099172198,9.15928937962929)
54249;KEROPETROL S.P.A.;KEROPETROL;Stradale;KEROPETROL SPA - VIA ARONA;"ARONA; ANG. VIA CORLEONE SNC 20149";MILANO;MI;20149;8;67;PORTELLO;9.159966;45.483465;(45.483465,9.159966)
11693;SERVIZI & GESTIONI ITALIA S.R.L.;Q8;Stradale;MILANO-P.LE BRESCIA ANG. VIA OSOPPO;P.LE BRESCIA ANG. VIA OSOPPO S/N 20149;MILANO;MI;20149;7;57;SAN SIRO;9.14444483420118;45.4699713586045;(45.4699713586045,9.14444483420118)
12654;DE SIMONE DOMENICO;Api-Ip;Stradale;Staz. Carburanti De Simone Domenico;VIA CORREGGIO 11 20149;MILANO;MI;20149;7;58;DE ANGELI - MONTE ROSA;9.15200574719199;45.4707014145339;(45.4707014145339,9.15200574719199)
45207;NUOVA SIDAP S.R.L.;Q8;Stradale;MILANO PERTINI OIL;Via Sandro Pertini 331/11 20152;MILANO;MI;20152;7;87;ASSIANO;9.07222270965576;45.4567806779321;(45.4567806779321,9.07222270965576)
54710;T.D.M. S.R.L.;Tamoil;Autostradale;MUGGIANO EST;"Autostrada A50 TANG.LE OVEST DI MILANO; dir. EST ";MILANO;MI;20152;7;87;ASSIANO;9.07492374;45.446022;(45.446022,9.07492374)
37664;ADM SAS DI SQUERI ALBERTO & C.;Esso;Autostradale;MUGGIANO OVEST;"Autostrada A50 TANG.LE OVEST DI MILANO; Km. km 12; dir. lato ovest - 20152";MILANO;MI;20152;7;87;ASSIANO;9.07368376851082;45.44485416503;(45.44485416503,9.07368376851082)
56673;EGI-2GO S.R.L.;Esso;Stradale;106224 MI FORZE ARMATE;DELLE FORZE ARMATE 226 20152;MILANO;MI;20152;7;56;FORZE ARMATE;9.11318467751249;45.4630606595848;(45.4630606595848,9.11318467751249)
38980;ENI FUEL S.P.A.;Agip Eni;Stradale;2373 Forze Armate;Via Forze Armate 322 20100;MILANO;MI;20152;7;56;FORZE ARMATE;9.09908898220897;45.4601031527236;(45.4601031527236,9.09908898220897)
47900;VUOTTI ANTONIO;Esso;Stradale;Esso;VIA DELLE FORZE ARMATE 189 20152;MILANO;MI;20152;7;56;FORZE ARMATE;9.11278631779098;45.4601152373673;(45.4601152373673,9.11278631779098)
56345;EL GAMIL DI SOLIMAN ASHRAF;Api-Ip;Stradale;IP ;CASCINA BAROCCO 22 20152;MILANO;MI;20152;7;56;FORZE ARMATE;9.10848999465;45.4622715291;(45.4622715291,9.10848999465)
30114;SERVIZI & GESTIONI ITALIA S.R.L.;Q8;Stradale;MILANO - VIA FORZE ARMATE 241;VIA FORZE ARMATE 241 20151;MILANO;MI;20152;7;56;FORZE ARMATE;9.10965608776633;45.4603700143189;(45.4603700143189,9.10965608776633)
6437;SERVIZI & GESTIONI ITALIA S.R.L.;Q8;Stradale;MILANO VIA CIVIDALE DEL FRIULI 6;VIA CIVIDALE DEL FRIULI 6 20152;MILANO;MI;20152;7;56;FORZE ARMATE;9.10062638717193;45.4589808864351;(45.4589808864351,9.10062638717193)
35137;C.R.S. DI COLABRARO STEFANO;Esso;Stradale;stazione di servizio esso CRS;VIA PARRI 60 20152;MILANO;MI;20152;7;56;FORZE ARMATE;9.10655122250319;45.4542901664507;(45.4542901664507,9.10655122250319)
32685;T.D.M. S.R.L.;Tamoil;Stradale;8056;DELLE FORZE ARMATE 353 20152;MILANO;MI;20152;7;55;BAGGIO - Q.RE DEGLI OLMI - Q.RE VALSESIA;9.09597810694345;45.4602538975121;(45.4602538975121,9.09597810694345)
36483;IP SERVICES S.R.L.;Api-Ip;Stradale;Milano Gozzoli;Via Gozzoli 140 20152;MILANO;MI;20152;7;55;BAGGIO - Q.RE DEGLI OLMI - Q.RE VALSESIA;9.0962676853195;45.4502191950395;(45.4502191950395,9.0962676853195)
23872;SERVIZI & GESTIONI ITALIA S.R.L.;Q8;Stradale;MILANO VIA BAGAROTTI 14/A;VIA BAGAROTTI 14/A 20152;MILANO;MI;20152;7;55;BAGGIO - Q.RE DEGLI OLMI - Q.RE VALSESIA;9.09487776812284;45.4574490020773;(45.4574490020773,9.09487776812284)
52605;VIRCIGLIO DAVIDE;Api-Ip;Stradale;ITALIANA PETROLI SPA;VAL D'INTELVI 30 20142;MILANO;MI;20152;7;55;BAGGIO - Q.RE DEGLI OLMI - Q.RE VALSESIA;9.08681307798755;45.4618754517097;(45.4618754517097,9.08681307798755)
46920;COSTA E GRANATA S.R.L.;Pompe Bianche;Stradale;GPL METANO;VIA LORENTEGGIO 0263 20152;MILANO;MI;20152;6;49;GIAMBELLINO;9.11859018898349;45.4433957109007;(45.4433957109007,9.11859018898349)
6355;URBINATI S.N.C. DI URBINATI ARKADI & C.;Agip Eni;Stradale;URBINATI S.N.C. DI URBINATI ARKADI & C.;VIA LORENTEGGIO 239 20152;MILANO;MI;20152;6;49;GIAMBELLINO;9.12137704527743;45.4449907338068;(45.4449907338068,9.12137704527743)
29212;IP SERVICES S.R.L.;Api-Ip;Stradale;MILANO - NOVARA 169;VIA NOVARA  169 20147;MILANO;MI;20153;7;61;QUARTO CAGNINO;9.11177510185246;45.4761473381449;(45.4761473381449,9.11177510185246)
8725;SERVIZI & GESTIONI ITALIA S.R.L.;Q8;Stradale;MILANO VIA S.GIUSTO 66;VIA S.GIUSTO 66 20153;MILANO;MI;20153;7;61;QUARTO CAGNINO;9.11729386686477;45.4718255959542;(45.4718255959542,9.11729386686477)
7260;SERVIZI & GESTIONI ITALIA S.R.L.;Q8;Stradale;MILANO - VIA NOVARA 391;VIA NOVARA 391 20147;MILANO;MI;20153;7;62;QUINTO ROMANO;9.08878237278907;45.4831398000945;(45.4831398000945,9.08878237278907)
54045;SUPREME DI ILIESCU ION;Beyfin;Stradale;BEYFIN;NOVARA 290 20153;MILANO;MI;20153;7;88;PARCO BOSCO IN CITTA';9.100373;45.480846;(45.480846,9.100373)
42445;DE ZOLT PONTE SILVIO MARIO;Agip Eni;Stradale;ENI 2194;VIA NOVARA 286 20153;MILANO;MI;20153;7;88;PARCO BOSCO IN CITTA';9.10117909312248;45.4802548680043;(45.4802548680043,9.10117909312248)
24021;IP SERVICES S.R.L.;Api-Ip;Stradale;Milano Via Novara;Via Novara 451/1 20153;MILANO;MI;20153;7;88;PARCO BOSCO IN CITTA';9.0803385988113;45.4859738896109;(45.4859738896109,9.0803385988113)
29436;OMAR SNC DI FONTANA RACHELE & MORSHEDY KHALIL;Esso;Stradale;OMAR SNC DI FONTANA RACHELE & MORSHEDY KHALIL;VIA NOVARA 342 20153;MILANO;MI;20153;7;88;PARCO BOSCO IN CITTA';9.09417940317996;45.4821880049466;(45.4821880049466,9.09417940317996)
44021;KEROPETROL S.P.A.;KEROPETROL;Stradale;KEROPETROL SPA PIAZZA PEREGO;"VIA P.ZZA PEREGO/ANG. VIA STILICONE 8 20154; MILANO (MI) 8 20154";MILANO;MI;20154;8;70;GHISOLFA;9.16950330429916;45.4897201959004;(45.4897201959004,9.16950330429916)
41235;ZAMO' ANDREA MASSIMO;Agip Eni;Stradale;stazione di servizio ENI di Zamò Andrea;via Giulio Cesare Procaccini 09 20154;MILANO;MI;20154;8;69;SARPI;9.17445393802871;45.4836889884831;(45.4836889884831,9.17445393802871)
45870;SIMA PETROLI S.N.C. DI SOMMARUGA SIMONA ANNA & C.;Agip Eni;Stradale;SIMONA ANNA SOMMARUGA;VIA MONTE CENERI 10 20155;MILANO;MI;20155;8;71;VILLAPIZZONE - CAGNOLA - BOLDINASCO;9.156136000123;45.493370000123;(45.493370000123,9.156136000123)
44482;IL BENZA S.A.S. DI BONOMI GLORIA LEONILDE;Pompe Bianche;Stradale;Benza;VIA CARACCIOLO FRANCESCO 67 20155;MILANO;MI;20155;8;70;GHISOLFA;9.162531000123;45.491998000123;(45.491998000123,9.162531000123)
51184;CALMAR S.A.S. DI MONASTRA CALOGERO & C.;Esso;Stradale;CALMAR sas di monastra calogero & c.;Milano viale certosa 2 2 20155;MILANO;MI;20155;8;70;GHISOLFA;9.15492651132902;45.4888247899411;(45.4888247899411,9.15492651132902)
56658;GRUPPO NORD PETROLI S.R.L.;GNP;Stradale;GNP MILANO;CARACCIOLO 67 20155;MILANO;MI;20155;8;70;GHISOLFA;9.162077;45.491855;(45.491855,9.162077)
51884;T.D.M. S.R.L.;Tamoil;Stradale;8276;VARESINA 16 20155;MILANO;MI;20156;8;71;VILLAPIZZONE - CAGNOLA - BOLDINASCO;9.14798028570083;45.4952306397114;(45.4952306397114,9.14798028570083)
25256;SERVIZI & GESTIONI ITALIA S.R.L.;Q8;Stradale;CONSOLE MARCELLO 41 MILANO;CONSOLE MARCELLO 41 20156;MILANO;MI;20156;8;71;VILLAPIZZONE - CAGNOLA - BOLDINASCO;9.14340035522537;45.5019518196804;(45.5019518196804,9.14340035522537)
49381;MOHAMED ASHRAF;Esso;Stradale;ESSO DI MOHAMED ASHRAF;via varesina 169 20156;MILANO;MI;20156;8;71;VILLAPIZZONE - CAGNOLA - BOLDINASCO;9.13876233862311;45.5030315936409;(45.5030315936409,9.13876233862311)
11701;SERVIZI & GESTIONI ITALIA S.R.L.;Q8;Stradale;MILANO-V.LE CERTOSA 228;V.LE CERTOSA 228 20156;MILANO;MI;20156;8;71;VILLAPIZZONE - CAGNOLA - BOLDINASCO;9.13087014484404;45.5000751993557;(45.5000751993557,9.13087014484404)
29891;MEOLA CHIARA MARIA;Sommese Petroli;Stradale;POMPA BIANCA;piazzale santorre di santarosa 2 20156;MILANO;MI;20156;8;71;VILLAPIZZONE - CAGNOLA - BOLDINASCO;9.13970558619326;45.5003545250958;(45.5003545250958,9.13970558619326)
57496;AUTOSERVICE LOTTO SRL;Agip Eni;Stradale;Eni Bodio;BODIO 39/A 20158;MILANO;MI;20158;9;78;FARINI;9.16698575019836;45.4978083236563;(45.4978083236563,9.16698575019836)
14057;DE CANDIA MASSIMILIANO PIETRO;Api-Ip;Stradale;totalerg;VIALE BODIO LUIGI SNC 20158;MILANO;MI;20158;9;78;FARINI;9.16958950459957;45.4967252116268;(45.4967252116268,9.16958950459957)
48928;EGI-2GO S.R.L.;Esso;Stradale;bodio scalvini;VIALE BODIO LUIGI SNC 20158;MILANO;MI;20158;9;77;BOVISA;9.16741100234099;45.4982015969798;(45.4982015969798,9.16741100234099)
48858;L.M. DI LOIOLA MARINO;Esso;Stradale;Esso di L.M. di Loiola Marino;Via Don G. Minzoni 1 20158;MILANO;MI;20158;9;77;BOVISA;9.1690946006117;45.5047520021268;(45.5047520021268,9.1690946006117)
7908;KE.RO IMPIANTI S.R.L.;KEROPETROL;Stradale;KE.RO IMPIANTI VIA DURANDO;DURANDO GIOVANNI 3 20158;MILANO;MI;20158;9;77;BOVISA;9.16414687983286;45.5038118864315;(45.5038118864315,9.16414687983286)
24574;DI BIASE MARIO;Agip Eni;Stradale;DI BIASE MARIO;Via Valtellina 69 20159;MILANO;MI;20159;9;78;FARINI;9.18377490231364;45.4970033451359;(45.4970033451359,9.18377490231364)
57553;CELIBATO DANIELE;Esso;Stradale;ESSO;JENNER EDOARDO 69 20159;MILANO;MI;20159;9;78;FARINI;9.172852;45.496387;(45.496387,9.172852)
21296;L.S. SNC DI STEFANO PALAZZO &C.;Esso;Stradale;ESSO;VIALE JENNER EDOARDO 69 20159;MILANO;MI;20159;9;78;FARINI;9.17307480422971;45.4964719616133;(45.4964719616133,9.17307480422971)
11662;SERVIZI & GESTIONI ITALIA S.R.L.;Q8;Stradale;MILANO-VIALE MARCHE 62;VIALE MARCHE 62 20159;MILANO;MI;20159;9;12;MACIACHINI - MAGGIOLINA;9.19143352761262;45.4966793189476;(45.4966793189476,9.19143352761262)
55574;AWWAD SALEH IBRAHIM;Esso;Stradale;Esso Imbonati;Via Carlo Imbonati 70 20159;MILANO;MI;20159;9;79;DERGANO;9.1821861;45.5016973;(45.5016973,9.1821861)
28631;IP SERVICES S.R.L.;Api-Ip;Stradale;Milano Jenner;Viale Jenner 34 20159;MILANO;MI;20159;9;79;DERGANO;9.17987979948521;45.4973277786863;(45.4973277786863,9.17987979948521)
24527;T.D.M. S.R.L.;Tamoil;Stradale;8050;LITTA MODIGNANI ALESSANDRO 50 20161;MILANO;MI;20161;9;82;COMASINA;9.15915450148009;45.5228451280699;(45.5228451280699,9.15915450148009)
35348;KUMAR PARMINDER;Agip Eni;Stradale;ENI;VIA COMASINA 19 20161;MILANO;MI;20161;9;82;COMASINA;9.16581094841001;45.5242964590277;(45.5242964590277,9.16581094841001)
33491;COSTANTIN DISTRIBUZIONE E SERVIZI SRL;Costantin;Stradale;COSTANTIN MILANO;Vincenzo da Seregno 38 20161;MILANO;MI;20161;9;83;BRUZZANO;9.17469994973749;45.5226977162194;(45.5226977162194,9.17469994973749)
53665;EGI-2GO S.R.L.;Esso;Stradale;EGI-2GO MI RUBICONE 30;RUBICONE 30 20161;MILANO;MI;20161;9;83;BRUZZANO;9.16406;45.53061;(45.53061,9.16406)
54594;MANGIALETTI ROSA;Api-Ip;Stradale;IP;FERMI ENRICO 130 20161;MILANO;MI;20161;9;83;BRUZZANO;9.17693122626184;45.5204088408253;(45.5204088408253,9.17693122626184)
57108;RE.PA. S.A.S. DI REPARATO VINCENZO & C.;Retitalia;Stradale;Milano Via Vincenzo da Seregno;via V. Da Seregno  2 20161;MILANO;MI;20161;9;83;BRUZZANO;9.1744284;45.5226835;(45.5226835,9.1744284)
51445;EGI-2GO S.R.L.;Esso;Stradale;RUBICONE 31;VIALE RUBICONE 31 20161;MILANO;MI;20161;9;83;BRUZZANO;9.16288318689892;45.5309167177544;(45.5309167177544,9.16288318689892)
9046;BARBIERO GIANCARLO;Api-Ip;Stradale;TOTALERG;VIA MARCHIONNI 14 20161;MILANO;MI;20161;9;83;BRUZZANO;9.17459785938263;45.5264801819677;(45.5264801819677,9.17459785938263)
11660;SERVIZI & GESTIONI ITALIA S.R.L.;Q8;Stradale;MILANO-VIA PELLEGRINO ROSSI 60;VIA PELLEGRINO ROSSI 60 20161;MILANO;MI;20161;9;80;AFFORI;9.17498927116389;45.5123315702888;(45.5123315702888,9.17498927116389)
24108;AMBROGIO MORO S.P.A.;Api-Ip;Stradale;Moro _ Distributore IP_ Milano ;VIA PELLEGRINO ROSSI  93 20161;MILANO;MI;20161;9;80;AFFORI;9.17249386683261;45.515414405098;(45.515414405098,9.17249386683261)
15350;COLELLA RAFFAELE;Esso;Stradale;COLELLA RAFFAELE;VIALE SUZZANI 12 20126;MILANO;MI;20162;9;14;NIGUARDA - CA' GRANDA - PRATO CENTENARO - Q.RE FULVIO TESTI;9.19773660600185;45.5060365496586;(45.5060365496586,9.19773660600185)
54777;DAMBRA MARTINA;Esso;Stradale;DAMBRA MARTINA;FULVIO TESTI 200 20126;MILANO;MI;20162;9;14;NIGUARDA - CA' GRANDA - PRATO CENTENARO - Q.RE FULVIO TESTI;9.20446;45.518311;(45.518311,9.20446)
48154;EGI-2GO S.R.L.;Esso;Stradale;Mi - Ornato;VIA ORNATO LUIGI 84 20162;MILANO;MI;20162;9;14;NIGUARDA - CA' GRANDA - PRATO CENTENARO - Q.RE FULVIO TESTI;9.19243805828379;45.5211084828796;(45.5211084828796,9.19243805828379)
15820;AUTOSERVICE DI GIOVANNI D'ALOIA S.A.S.;Tamoil;Stradale;TAMOIL 2918;VIA ORNATO LUIGI 158 20162;MILANO;MI;20162;9;14;NIGUARDA - CA' GRANDA - PRATO CENTENARO - Q.RE FULVIO TESTI;9.19340819120407;45.5259111873961;(45.5259111873961,9.19340819120407)
50263;ENCAR SERVICE SRL;Api-Ip;Stradale;ENCAR SERVICE SRL;via lodovico il moro  201 20142;MILANO;MI;20142;6;48;RONCHETTO SUL NAVIGLIO - Q.RE LODOVICO IL MORO;9.12311553955078;45.4376933642862;(45.4376933642862,9.12311553955078)
10843;F.LLI VIZZIELLI SNC DI VIZZIELLI FELICE DANILO E C;Agip Eni;Stradale;ENI;VIA LODOVICO IL MORO 187 20142;MILANO;MI;20142;6;48;RONCHETTO SUL NAVIGLIO - Q.RE LODOVICO IL MORO;9.12618398666382;45.4389535805116;(45.4389535805116,9.12618398666382)
17685;IP SERVICES S.R.L.;Api-Ip;Stradale;MI SPEZIA;VIA SPEZIA 31 20142;MILANO;MI;20142;5;43;TIBALDI;9.17288122453692;45.4404329345381;(45.4404329345381,9.17288122453692)
7744;VINCI S.A.S. DI VINCI SALVATORE & C.;Q8;Autostradale;CANTALUPA OVEST;"Autostrada A7 MILANO-SERRAVALLE; Km. 1; dir. Genova - 20142";MILANO;MI;20142;6;47;CANTALUPA;9.15516257286072;45.4191693049389;(45.4191693049389,9.15516257286072)
3786;BREAK POINT S.R.L.;Api-Ip;Autostradale;CANTALUPA OVEST;"Autostrada A7 MILANO-SERRAVALLE;  Km. 400; dir. Nord - 20142";MILANO;MI;20142;5;47;CANTALUPA;9.15873072883608;45.421232469547;(45.421232469547,9.15873072883608)
29917;IP SERVICES S.R.L.;Api-Ip;Stradale;MILANO - VIGILIO FAMAGOSTA;VIA SAN VIGILIO Ang. VIA FAMAGOSTA SNC 20142;MILANO;MI;20142;6;46;BARONA;9.16461072883612;45.436733877746;(45.436733877746,9.16461072883612)
37696;VEGA CARBURANTI S.P.A.;Vega;Stradale;VEGA MISSAGLIA;VIA DEI MISSAGLIA 109 20142;MILANO;MI;20142;5;41;GRATOSOGLIO - Q.RE MISSAGLIA - Q.RE TERRAZZE;9.17501963675022;45.4090474750672;(45.4090474750672,9.17501963675022)
12804;AUTORIMESSA FRIGO S.N.C. DI FRIGO GIUSEPPE E GIOVANNI;Pompe Bianche;Stradale;GRIFO;PIAZZA ABBIATEGRASSO 7 20142;MILANO;MI;20142;5;42;STADERA - CHIESA ROSSA - Q.RE TORRETTA - CONCA FALLATA;9.1779962182045;45.430766189151;(45.430766189151,9.1779962182045)
30186;IP SERVICES S.R.L.;Api-Ip;Stradale;MILANO - CHIESA ROSSA;VIA  CHIESA ROSSA 41 20142;MILANO;MI;20142;5;42;STADERA - CHIESA ROSSA - Q.RE TORRETTA - CONCA FALLATA;9.17361414047548;45.4326903;(45.4326903,9.17361414047548)
35092;SILMA S.A.S. DI SAVERIO MANOSPERTI & C;Q8;Stradale;Q8;VIA DELLA CHIESA ROSSA 15 20142;MILANO;MI;20142;5;42;STADERA - CHIESA ROSSA - Q.RE TORRETTA - CONCA FALLATA;9.17430801719661;45.4347660147854;(45.4347660147854,9.17430801719661)
46942;PALAZZO MARINA;Agip Eni;Stradale;stazione di servizio ENI di Palazzo Marina;DELLA CHIESA ROSSA 157 20142;MILANO;MI;20142;5;42;STADERA - CHIESA ROSSA - Q.RE TORRETTA - CONCA FALLATA;9.1672941;45.4220452;(45.4220452,9.1672941)
15883;CALOR SYSTEMS S.R.L.;Api-Ip;Stradale;MILANO FAMAGOSTA;FAMAGOSTA 9 20142;MILANO;MI;20142;6;45;MONCUCCO - SAN CRISTOFORO;9.1564454325104;45.4374446709119;(45.4374446709119,9.1564454325104)
45993;MORSHDY SAID;Api-Ip;Stradale;Stazione di servizio IP;VIA SPEZIA 26 20142;MILANO;MI;20142;6;45;MONCUCCO - SAN CRISTOFORO;9.17233407767208;45.4409228953582;(45.4409228953582,9.17233407767208)
46361;KEROPETROL S.P.A.;KEROPETROL;Stradale;KEROPETROL SPA VIA RIPAMONTI;"VIA VIA RIPAMONTI 606 20141; MILANO (MI) 606 20141";MILANO;MI;20141;5;39;QUINTOSOLE;9.20972675085068;45.3986827609006;(45.3986827609006,9.20972675085068)
48003;EGI-2GO S.R.L.;Esso;Stradale;Antonini;VIA ANTONINI GIACOMO 31 20141;MILANO;MI;20141;5;37;MORIVIONE;9.19192205828383;45.4374717999731;(45.4374717999731,9.19192205828383)
33261;LU.CA. S.R.L.;Agip Eni;Stradale;ENI;G. Antonini 35 20141;MILANO;MI;20141;5;37;MORIVIONE;9.19288674536892;45.4374362850519;(45.4374362850519,9.19288674536892)
26124;ENI FUEL S.P.A.;Agip Eni;Stradale;2227 MILANO RIPAMONTI;VIA RIPAMONTI GIUSEPPE 270 20141;MILANO;MI;20141;5;38;VIGENTINO - Q.RE FATIMA;9.20276775956154;45.4265726555813;(45.4265726555813,9.20276775956154)
29785;DERICCA S.N.C. - STAZIONE DI SERVIZIO ENI - DI DE LUCA VINCENZO E GIUSEPPE;Agip Eni;Stradale;eni;VIA GIUSEPPE RIPAMONTI 159 20141;MILANO;MI;20141;5;38;VIGENTINO - Q.RE FATIMA;9.20102700591087;45.4358620858778;(45.4358620858778,9.20102700591087)
13568;PORZIO CATELLO;Esso;Stradale;ESSO;VIA RIPAMONTI GIUSEPPE 286 20136;MILANO;MI;20141;5;38;VIGENTINO - Q.RE FATIMA;9.20298922142638;45.4257398825327;(45.4257398825327,9.20298922142638)
53610;ACEMA S.P.A.;Tamoil;Stradale;TAMOIL MILANO VIA FERRARI;Via Virgilio Ferrari  20141;MILANO;MI;20141;5;38;VIGENTINO - Q.RE FATIMA;9.19552505828381;45.4296685293727;(45.4296685293727,9.19552505828381)
57754;G.F. PETROIL S.N.C. DI FANELLI GIUSEPPE & C.;Beyfin;Stradale;G.F Petroil S.N.C & C;via giuseppe ripamonti 483 20141;MILANO;MI;20141;5;85;PARCO DELLE ABBAZIE;9.20787;45.408246;(45.408246,9.20787)
33178;SERVIZI & GESTIONI ITALIA S.R.L.;Q8;Stradale;MILANO VIA RIPAMONTI 591;VIA RIPAMONTI 591 20141;MILANO;MI;20141;5;85;PARCO DELLE ABBAZIE;9.21063175158997;45.3981006012475;(45.3981006012475,9.21063175158997)
45386;ACEMA S.P.A.;Tamoil;Stradale;TAMOIL MILANO VIA RIPAMONTI;VIA GIUSEPPE RIPAMONTI 390 20141;MILANO;MI;20141;5;85;PARCO DELLE ABBAZIE;9.20254987576391;45.4205137174952;(45.4205137174952,9.20254987576391)
6427;SERVIZI & GESTIONI ITALIA S.R.L.;Q8;Stradale;MILANO VIRGINIO FERRARI 16;VIRGINIO FERRARI 16 20142;MILANO;MI;20141;5;42;STADERA - CHIESA ROSSA - Q.RE TORRETTA - CONCA FALLATA;9.19196700740963;45.4339414013326;(45.4339414013326,9.19196700740963)
46368;SERVIZI & GESTIONI ITALIA S.R.L.;Q8;Stradale;MILANO VIA BISTOLFI/TRENTACOSTE;VIA BISTOLFI/TRENTACOSTE  20134;MILANO;MI;20134;3;23;LAMBRATE - ORTICA;9.24490480246413;45.4731258801651;(45.4731258801651,9.24490480246413)
11697;SERVIZI & GESTIONI ITALIA S.R.L.;Q8;Stradale;MILANO-VIA ROMBON ANG. VIA PINI;VIA ROMBON ANG. VIA PINI S/N 20134;MILANO;MI;20134;3;23;LAMBRATE - ORTICA;9.2397590085983;45.4858473472106;(45.4858473472106,9.2397590085983)
35072;PIGONI IVAN;Esso;Stradale;STAZIONE DI SERVIZIO ESSO di PIGONI IVAN;VIA ROMBON 50 20134;MILANO;MI;20134;3;23;LAMBRATE - ORTICA;9.24426421523094;45.4862688475416;(45.4862688475416,9.24426421523094)
52181;CHAUDRY BROTHER'S & COMPANY SOCIETA' A RESPONSABILITA' LIMITATA S EMPLIFICATA;Q8;Stradale;Q8 VIA RONCHI;RONCHI 21 20134;MILANO;MI;20134;3;18;CIMIANO - ROTTOLE - Q.RE FELTRE;9.23693944097319;45.4881193761403;(45.4881193761403,9.23693944097319)
41548;GREEN FUEL COMPANY S.P.A.;Q8;Stradale;Q8;VIA CORELLI ARCANGELO 56 20134;MILANO;MI;20134;3;24;PARCO FORLANINI - CAVRIANO;9.25379008054733;45.4709921215275;(45.4709921215275,9.25379008054733)
44697;BEYFIN S.P.A. SOCIETA' BENEFIT;Beyfin;Stradale;Milano - Linate;VIALE ENRICO FORLANINI 73/A 20134;MILANO;MI;20134;4;24;PARCO FORLANINI - CAVRIANO;9.25622894692333;45.4621835949538;(45.4621835949538,9.25622894692333)
37031;D.K.G. DI DAVIDE AGAZZI;Esso;Stradale; ESSO Davide Agazzi;Via Palmanova 85 20132;MILANO;MI;20132;2;19;PADOVA - TURRO - CRESCENZAGO;9.2399107613769;45.4995522401146;(45.4995522401146,9.2399107613769)
34772;EUROPAM S.P.A.;Europam;Stradale;EUROPAM MILANO;VIALE PADOVA 316 20132;MILANO;MI;20132;2;19;PADOVA - TURRO - CRESCENZAGO;9.2510384859138;45.5103962254945;(45.5103962254945,9.2510384859138)
6448;SERVIZI & GESTIONI ITALIA S.R.L.;Q8;Stradale;MILANO VIA PADOVA 340;VIA PADOVA 340 20132;MILANO;MI;20132;2;19;PADOVA - TURRO - CRESCENZAGO;9.25401218161471;45.5109910881438;(45.5109910881438,9.25401218161471)
23486;CIERRE SNC DI CAPUTO GIOVANNI & C.;Tamoil;Stradale;TAMOIL;VIA PADOVA 172 20127;MILANO;MI;20132;2;19;PADOVA - TURRO - CRESCENZAGO;9.23587694764137;45.5004275599887;(45.5004275599887,9.23587694764137)
55846;IP SERVICES S.R.L.;Api-Ip;Autostradale;CASCINA GOBBA EST;"Autostrada A51 TANG.LE EST DI MILANO; dir. Venezia 20132";MILANO;MI;20132;3;18;CIMIANO - ROTTOLE - Q.RE FELTRE;9.2614937;45.5068136;(45.5068136,9.2614937)
33504;TI-QUATTRO T.4 SRL;Api-Ip;Autostradale;CASCINA GOBBA OVEST;"Autostrada A51 TANG.LE EST DI MILANO; Km. 9+720; dir. sud - 20132";MILANO;MI;20132;3;18;CIMIANO - ROTTOLE - Q.RE FELTRE;9.2592591047287;45.5067115759059;(45.5067115759059,9.2592591047287)
35098;GOBBI MARZIO ENRICO;Api-Ip;Stradale;IP;Piazza Udine 2 20132;MILANO;MI;20132;3;18;CIMIANO - ROTTOLE - Q.RE FELTRE;9.23733942210674;45.4908561908767;(45.4908561908767,9.23733942210674)
27071;SERVIZI & GESTIONI ITALIA S.R.L.;Q8;Stradale;VIA RIZZOLI 20 MILANO;VIA RIZZOLI 20 20100;MILANO;MI;20132;3;18;CIMIANO - ROTTOLE - Q.RE FELTRE;9.2532978951931;45.5066491678106;(45.5066491678106,9.2532978951931)
56902;AG FUELS S.A.S. DI AGRANI TOMMASO & C.;Agip Eni;Stradale;MILANO-PALMANOVA;CASCINA GOBBA 18 20132;MILANO;MI;20132;2;17;ADRIANO;9.263368;45.513713;(45.513713,9.263368)
47681;HYDRO CAR - S.R.L.;Socogas;Stradale;HYDRO CAR SRL;VIA CARLO AMORETTI  93 20157;MILANO;MI;20157;9;81;BOVISASCA;9.1481529164554;45.5210986331723;(45.5210986331723,9.1481529164554)
32264;X3CNG ITALIA S.R.L.;Pompe Bianche;Stradale;X3CNG ITALIA SRL - AMORETTI;VIA AMORETTI CARLO 93 20157;MILANO;MI;20157;9;81;BOVISASCA;9.14818900740966;45.5210426203315;(45.5210426203315,9.14818900740966)
35639;T.D.M. S.R.L.;Tamoil;Stradale;8053;GRASSI GIOVANNI BATTISTA 10 20157;MILANO;MI;20157;8;76;QUARTO OGGIARO - VIALBA - MUSOCCO;9.12802465260029;45.5119058954487;(45.5119058954487,9.12802465260029)
45219;VUOTTI ANTONIO;Agip Eni;Stradale;Eni;VIA ERITREA 65 20157;MILANO;MI;20157;8;76;QUARTO OGGIARO - VIALBA - MUSOCCO;9.13694977760315;45.5119885803084;(45.5119885803084,9.13694977760315)
43279;SERVIZI & GESTIONI ITALIA S.R.L.;Q8;Stradale;"MILANO VIA ERITREA; 71";VIA ERITREA 71 20157;MILANO;MI;20157;8;76;QUARTO OGGIARO - VIALBA - MUSOCCO;9.13670820122343;45.5126155215269;(45.5126155215269,9.13670820122343)
24668;IP SERVICES S.R.L.;Api-Ip;Stradale;Milano Via Trilussa;Via Trilussa 3 20157;MILANO;MI;20157;8;76;QUARTO OGGIARO - VIALBA - MUSOCCO;9.13759678602219;45.5146142884063;(45.5146142884063,9.13759678602219)
11704;SERVIZI & GESTIONI ITALIA S.R.L.;Q8;Stradale;MILANO-VIA DE GASPERI;VIA DE GASPERI S/N 20151;MILANO;MI;20151;8;71;VILLAPIZZONE - CAGNOLA - BOLDINASCO;9.14090344047543;45.4889955570044;(45.4889955570044,9.14090344047543)
48395;WAD S.A.S. DI D'AMATO DAVIDE & C.;Agip Eni;Stradale;wad s.a.s;VIA GALLARATE 40 20151;MILANO;MI;20151;8;71;VILLAPIZZONE - CAGNOLA - BOLDINASCO;9.13877258895492;45.4949193595359;(45.4949193595359,9.13877258895492)
33859;T.D.M. S.R.L.;Tamoil;Stradale;2391;URUGUAY 4 20151;MILANO;MI;20151;8;65;Q.RE GALLARATESE - Q.RE SAN LEONARDO - LAMPUGNANO;9.1242500478852;45.4946224538858;(45.4946224538858,9.1242500478852)
48957;MATTA FRANCESCO;Api-Ip;Stradale;IP SANT'ELIA;VIA ANTONIO SANT'ELIA  3/P 20148;MILANO;MI;20151;8;65;Q.RE GALLARATESE - Q.RE SAN LEONARDO - LAMPUGNANO;9.13003780085371;45.4854530404328;(45.4854530404328,9.13003780085371)
24317;METANO PER AUTO SETTIMO MILANESE M.A.S. SRL;Pompe Bianche;Stradale;M.A.S. S.r.l.;GALLARATE 437 20151;MILANO;MI;20151;8;65;Q.RE GALLARATESE - Q.RE SAN LEONARDO - LAMPUGNANO;9.09681379795074;45.5064852524056;(45.5064852524056,9.09681379795074)
11702;SERVIZI & GESTIONI ITALIA S.R.L.;Q8;Stradale;MILANO-VIA CECHOV 44;VIA CECHOV 44 20151;MILANO;MI;20151;8;65;Q.RE GALLARATESE - Q.RE SAN LEONARDO - LAMPUGNANO;9.11335172023769;45.4952538199599;(45.4952538199599,9.11335172023769)
18802;BRITA S.A.S. DI D'AMATO DAVIDE & C.;OIL ONE;Stradale;OILONE;VIA GALLARATE 417 20151;MILANO;MI;20151;8;65;Q.RE GALLARATESE - Q.RE SAN LEONARDO - LAMPUGNANO;9.10411467909853;45.5051399155425;(45.5051399155425,9.10411467909853)
21197;ESSO DI MARCHETTO GIANFRANCO;Esso;Stradale;ESSO di Marchetto Gianfranco;Via Gallarate 392 20151;MILANO;MI;20151;8;72;MAGGIORE - MUSOCCO - CERTOSA;9.1220185;45.5009206;(45.5009206,9.1220185)
11694;SERVIZI & GESTIONI ITALIA S.R.L.;Q8;Stradale;MILANO-VIA GALLARATE 400;VIA GALLARATE 400 20151;MILANO;MI;20151;8;72;MAGGIORE - MUSOCCO - CERTOSA;9.10516619682312;45.5051530444436;(45.5051530444436,9.10516619682312)
